{"cameraMode":{"drawMode":0,"name":"Shaded","section":"Shading Mode"},"sceneLighting":true,"audioPlay":false,"sceneViewState":{"m_AlwaysRefresh":false,"showFog":true,"showSkybox":true,"showFlares":true,"showImageEffects":true,"showParticleSystems":true,"showVisualEffectGraphs":true,"m_FxEnabled":true},"in2DMode":false,"pivot":{"x":-1.3875765800476075,"y":-0.6824244260787964,"z":0.27848243713378909},"rotation":{"x":-0.1356983482837677,"y":0.0745532289147377,"z":-0.010247270576655865,"w":-0.9879519939422607},"size":12.025179862976075,"orthographic":true}